course_id,title,description,credits,geneds
CMSC436,Programming Handheld Systems,"<b>Prerequisite:</b> Minimum grade of C- in CMSC330 and CMSC351; or must be in the (Computer Science (Doctoral), Computer Science (Master's)) program.
<b>Restriction:</b> Permission of CMNS-Computer Science department.
Fundamental principles and concepts that underlie the programming of handheld systems, such as mobile phones, personal digital assistants, and tablet computers. Particular emphasis will be placed on concepts such as limited display size, power, memory and CPU speed; and new input modalities, where handheld systems differ substantially from non-handheld systems, and thus require special programming tools and approaches. Students will apply these concepts and principles in the context of an existing handset programming platform.",3,
CMSC424,Database Design,"<b>Prerequisite:</b> Minimum grade of C- in CMSC351 and CMSC330; and permission of CMNS-Computer Science department. Or must be in the (Computer Science (Doctoral), Computer Science (Master's)) program.
Students are introduced to database systems and motivates the database approach as a mechanism for modeling the real world. An in-depth coverage of the relational model, logical database design, query languages, and other database concepts including query optimization, concurrency control; transaction management, and log based crash recovery. Distributed and Web database architectures are also discussed.",3,
CMSC100,Bits and Bytes of Computer and Information Sciences,"<b>Restriction:</b> For first time freshmen and first time transfer students.
<b>Cross-listed with:</b> INST101.
<b>Credit only granted for:</b> CMSC100 or INST101.
Students are introduced to the fields (and disciplines) of computer science and information science within a small classroom setting. They will learn to make a successful transition from high school to the university, while exploring study skills, student success plans and research opportunities.",1,
CMSC858K,Advanced Topics in Theory of Computing; Introduction to Quantum Information Processing,,3,
CMSC216,Introduction to Computer Systems,"<b>Prerequisite:</b> Minimum grade of C- in CMSC132; and minimum grade of C- in MATH141.
<b>Restriction:</b> Must be in a major within the CMNS-Computer Science department; or must be in Engineering: Computer program; or must be in the Computer Science Minor program; and Permission of CMSC - Computer Science department.
Introduction to the interaction between user programs and the operating system/hardware. Major topics include C programming, introductory systems programming, and assembly language. Other concepts covered include UNIX, machine data representation, thread management, optimization, and virtual memory. Programming is done in the Linux Environment.",4,
CMSC330,Organization of Programming Languages,"<b>Prerequisite:</b> Minimum grade of C- in CMSC250 and CMSC216.
<b>Restriction:</b> Must be in a major within the CMNS-Computer Science department; or must be in the Computer Science Minor program; or must be in Engineering: Computer program; and Permission of CMSC - Computer Science department.
A study of programming languages, including their syntax, semantics, and implementation. Several different models of languages are discussed, including dynamic, scripting (e.g., Ruby, Python) functional (e.g., OCaml, Haskell, Scheme), and memory safe systems programming (e.g., Rust). Explores language features such as formal syntax, scoping and binding of variables, higher-order programming, typing, and type polymorphism. Introduces finite automata, context free grammar, parsing, lambda calculus, and basics of security attacks and software security.",3,
CMSC858L,,,,
CMSC417,Computer Networks,"<b>Prerequisite:</b> Minimum grade of C- in CMSC351 and CMSC330; and permission of CMNS-Computer Science department. Or must be in the (Computer Science (Doctoral), Computer Science (Master's)) program.
Computer networks and architectures. The OSI model including discussion and examples of various network layers. A general introduction to existing network protocols. Communication protocol specification, analysis, and testing.",3,
CMSC198C,,,,
CMSC198D,Special Topics in Computer Science for Non-Majors; Paths to Computer Science: Connections,,1,
CMSC198E,Special Topics in Computer Science for Non-Majors; Paths to Computer Science: Problem Solving,,1,
CMSC250,Discrete Structures,"<b>Prerequisite:</b> Minimum grade of C- in CMSC131; and minimum grade of C- in MATH141.
<b>Restriction:</b> Must be in a major within the CMNS-Computer Science department; or must be in Engineering: Computer program; or must be in the Computer Science Minor program; and Permissions of CMSC - Computer Science department.
Fundamental mathematical concepts related to computer science, including finite and infinite sets, relations, functions, and propositional logic. Introduction to other techniques, modeling and solving problems in computer science. Introduction to permutations, combinations, graphs, and trees with selected applications.",4,
CMSC351,Algorithms,"<b>Prerequisite:</b> Minimum grade of C- in CMSC250 and CMSC216.
<b>Restriction:</b> Must be in a major within the CMNS-Computer Science department; or must be in Engineering: Computer program; or must be in the Computer Science Minor program; and Permission from the CMSC - Computer Science department.
<b>Credit only granted for:</b> CMSC251 or CMSC351.
<b>Additional information:</b> CMSC351 may not count as one of the required upper level CMSC courses for students who are required to have 24 upper level CMSC credits for graduation, i.e. for students who became computer science majors prior to Fall, 2002.
A systematic study of the complexity of some elementary algorithms related to sorting, graphs and trees, and combinatorics. Algorithms are analyzed using mathematical techniques to solve recurrences and summations.",3,
CMSC421,Introduction to Artificial Intelligence,"<b>Prerequisite:</b> Minimum grade of C- in CMSC351 and CMSC330; and permission of CMNS-Computer Science department. Or must be in the (Computer Science (Doctoral), Computer Science (Master's)) program.
Introduces a range of ideas and methods in AI, varying semester to semester but chosen largely from: automated heuristic search, planning, games, knowledge representation, logical and statistical inference, learning, natural language processing, vision, robotics, cognitive modeling, and intelligent agents. Programming projects will help students obtain a hands-on feel for various topics.",3,
CMSC451,Design and Analysis of Computer Algorithms,"<b>Prerequisite:</b> Minimum grade of C- in CMSC351; and permission of CMNS-Computer Science department. Or must be in the (Computer Science (Doctoral), Computer Science (Master's)) program.
Fundamental techniques for designing efficient computer algorithms, proving their correctness, and analyzing their complexity. General topics include graph algorithms, basic algorithm design paradigms (such as greedy algorithms, divide-and-conquer, and dynamic programming), network flows, NP-completeness, and other selected topics in algorithms.",3,
CMSC631,Program Analysis and Understanding,"<b>Prerequisite:</b> CMSC330; or students who have taken courses with comparable content may contact the department; or permission of instructor.
Techniques for static analysis of source code and modern programming paradigms. Analysis techniques: data flow analysis, program dependence graphs, program slicing, abstract interpretation. The meaning of programs: denotational semantics, partial evaluation. Advanced treatment of abstraction mechanisms: polymorphic types, operation overloading, inheritance, object-oriented programming and ML-like programming languages.",3,
CMSC122,Introduction to Computer Programming via the Web,"<b>Restriction:</b> Must not have completed any courses from CMSC131-499 course range; and must not be concurrently enrolled in CMSC131.
<b>Credit only granted for:</b> CMSC106, or CMSC122.
Introduction to computer programming in the context of developing full featured dynamic web sites. Uses a problem solving approach to teach basics of program design and implementation using JavaScript; relates these skills to creation of dynamic web sites; then explores both the potential and limits of web-based information sources for use in research. Intended to help relate a student's major to these emerging technologies.",3,
CMSC460,Computational Methods,"<b>Prerequisite:</b> 1 course with a minimum grade of C- from (MATH240, MATH341, MATH461); and 1 course with a minimum grade of C- from (MATH241, MATH340); and 1 course with a minimum grade of C- from (CMSC106, CMSC131); and minimum grade of C- in MATH246.  Also offered as: AMSC460.
<b>Credit only granted for:</b> AMSC460, AMSC466, CMSC460, or CMSC466.
Basic computational methods for interpolation, least squares, approximation, numerical quadrature, numerical solution of polynomial and transcendental equations, systems of linear equations and initial value problems for ordinary differential equations. Emphasis on methods and their computational properties rather than their analytic aspects. Intended primarily for students in the physical and engineering sciences.",3,
CMSC422,Introduction to Machine Learning,"<b>Prerequisite:</b> Minimum grade of C- in CMSC320, CMSC330, and CMSC351; and 1 course with a minimum grade of C- from (MATH240, MATH461); and permission of CMNS-Computer Science department.
Machine Learning studies representations and algorithms that allow machines to improve their performance on a task from experience. This is a broad overview of existing methods for machine learning and an introduction to adaptive systems in general. Emphasis is given to practical aspects of machine learning and data mining.
<i>Credit only granted for CMSC422 or CMSC498M.</i>",3,
CMSC725,Geographical Information Systems and Spatial Databases,"<b>Prerequisite:</b> CMSC424 and CMSC420; or permission of instructor.
Topics in geographic information systems and spatial databases. Integrates related results from databases, cartography, geography, computer graphics, file access methods, computational geometry, image processing, data structures, and programming languages. Topics include: cartographic modeling, principles of cartography, methods from computational geometry, principles of spatial databases, access methods, and spatial data structures. The architecture of some existing spatial databases and geographic information systems will be examined in greater detail.",3,
CMSC423,"Bioinformatic Algorithms, Databases, and Tools","<b>Prerequisite:</b> Minimum grade of C- in CMSC351 and CMSC330; and permission of CMNS-Computer Science department. Or must be in the (Computer Science (Doctoral), Computer Science (Master's)) program.
An introduction to the main algorithms, databases, and tools used in bioinformatics. Topics may include assembly and analysis of genome sequences, reconstructing evolutionary histories, predicting protein structure, and clustering of biological data. Use of scripting languages to perform analysis tasks on biological data. No prior knowledge of biology is assumed.",3,
CMSC434,Introduction to Human-Computer Interaction,"<b>Prerequisite:</b> Minimum grade of C- in CMSC330 and CMSC351; and permission of CMNS-Computer Science department. Or must be in the (Computer Science (Doctoral), Computer Science (Master's)) program.
Assess usability by quantitative and qualitative methods. Conduct task analyses, usability tests, expert reviews, and continuing assessments of working products by interviews, surveys, and logging. Apply design processes and guidelines to develop professional quality user interfaces. Build low-fidelity paper mockups, and a high-fidelity prototype using contemporary tools such as graphic editors and a graphical programming environment (eg: Visual Basic, Java).",3,
CMSC435,Software Engineering,"<b>Prerequisite:</b> 1 course with a minimum grade of C- from (CMSC412, CMSC417, CMSC420, CMSC430, CMSC433); and permission of CMNS-Computer Science department. Or must be in the (Computer Science (Doctoral), Computer Science (Master's)) program.
State-of-the-art techniques in software design and development. Laboratory experience in applying the techniques covered. Structured design, structured programming, top-down design and development, segmentation and modularization techniques, iterative enhancement, design and code inspection techniques, correctness, and chief-programmer teams. The development of a large software project.",3,
CMSC289I,Rise of the Machines: Artificial Intelligence Comes of Age,,3,
CMSC430,Introduction to Compilers,"<b>Prerequisite:</b> Minimum grade of C- in CMSC330 and CMSC351; and permission of CMNS-Computer Science department. Or must be in the (Computer Science (Doctoral), Computer Science (Master's)) program.
Topics include lexical analysis, parsing, intermediate representations, program analysis, optimization, and code generation.",3,
CMSC798E,Graduate Seminar in Computer Science,,1,
CMSC714,High Performance Computing Systems,"<b>Prerequisite:</b> CMSC411 and CMSC412; or permission of instructor.
Slected topics in high-performance systems, including contemporary architectures, interconnection topologies, shared memory and message-passing systems, multi-threaded kernels, latency avoidance and hiding techniques, methods for data and workload partitioning performance profiling, debugging.",3,
CMSC733,Computer Processing of Pictorial Information,"<b>Prerequisite:</b> CMSC420.
Input, output, and storage of pictorial information. Pictures as information sources, efficient encoding, sampling, quantization, approximation. Position-invariant operations on pictures, digital and optical implementations, the pax language, applications to matched and spatial frequency filtering. Picture quality, image enhancement and image restoration. Picture properties and pictorial pattern recognition. Processing of complex pictures; figure extraction, properties of figures. Data structures for pictures description and manipulation; picture languages. Graphics systems for alphanumeric and other symbols, line drawings of two- and three-dimensional objects, cartoons and movies.",3,
CMSC838L,,,,
CMSC426,Computer Vision,"<b>Prerequisite:</b> Minimum grade of C- in CMSC330 and CMSC351; or must be in the (Computer Science (Doctoral), Computer Science (Master's)) program.
<b>Restriction:</b> Permission of CMNS-Computer Science department.
An introduction to basic concepts and techniques in computervision. This includes low-level operations such as image filtering and edge detection, 3D reconstruction of scenes using stereo and structure from motion, and object detection, recognition and classification.",3,
CMSC456,Cryptography,"<b>Prerequisite:</b> (CMSC106, CMSC131, or ENEE150; or equivalent programming experience); and (2 courses from (CMSC330, CMSC351, ENEE324, or ENEE380); or any one of these courses and a 400-level MATH course, or two 400-level MATH courses). Or permission of instructor.  Also offered as: MATH456, ENEE456.
<b>Credit only granted for:</b> MATH456, CMSC456, or ENEE456.
The theory, application, and implementation of mathematical techniques used to secure modern communications. Topics include symmetric and public-key encryption, message integrity, hash functions, block-cipher design and analysis, number theory, and digital signatures.",3,
CMSC660,Scientific Computing I,"<b>Prerequisite:</b> Must have knowledge of C or Fortran. And CMSC466, AMSC466, AMSC460, or CMSC460; or (must have knowledge of basic numerical analysis (linear equations, nonlinear equations, integration, interpolation); and permission of instructor).  Cross-listed with AMSC66 0.
<b>Credit only granted for:</b> AMSC660 or CMSC660.
Monte Carlo simulation, numerical linear algebra, nonlinear systems and continuation method, optimization, ordinary differential equations. Fundamental techniques in scientific computation with an introduction to the theory and software for each topic.",3,
CMSC723,Computational Linguistics I,"<b>Prerequisite:</b> CMSC421 or CMSC422; or students who have taken courses with comparable content may contact the department; or permission of instructor.
<b>Cross-listed with:</b> INST735, LING723.
<b>Credit only granted for:</b> CMSC723, LING723, or INST735.
<b>Additional information:</b> CMSC students may only receive PhD Comp. credit for CMSC723 or CMSC823, not both.
Fundamental methods in natural language processing. Topics include: finite-state methods, context-free and extended context-free models of syntax; parsing and semantics interpretation; n-gram and Hidden Markov models, part-of-speech tagging; natural language applications such as machine translation, automatic summarization, and question answering.",3,
CMSC411,Computer Systems Architecture,"<b>Prerequisite:</b> Minimum grade of C- in CMSC330; or must be in the (Computer Science (Doctoral), Computer Science (Master's)) program.
<b>Restriction:</b> Permission of CMNS-Computer Science department.
<b>Credit only granted for:</b> ENEE446 or CMSC411.
Input/output processors and techniques. Intra-system communication, buses, caches. Addressing and memory hierarchies. Microprogramming, parallelism, and pipelining.",3,
CMSC420,Advanced Data Structures,"<b>Prerequisite:</b> Minimum grade of C- in CMSC351 and CMSC330; and permission of CMNS-Computer Science department. Or must be in the (Computer Science (Doctoral), Computer Science (Master's)) program.
Description, properties, and storage allocation functions of data structures including balanced binary trees, B-Trees, hash tables, skiplists, tries, KD-Trees and Quadtrees. Algorithms for manipulating structures. Applications from areas such as String Processing, Computer Graphics, Information Retrieval, Computer Networks, Computer Vision, and Operating Systems.",3,
CMSC414,Computer and Network Security,"<b>Prerequisite:</b> Minimum grade of C- in CMSC330 and CMSC351; or must be in the (Computer Science (Doctoral), Computer Science (Master's)) program.
<b>Restriction:</b> Permission of CMNS-Computer Science department.
<b>Credit only granted for:</b> CMSC414, ENEE459C, or ENEE457.
An introduction to the topic of security in the context of computer systems and networks. Identify, analyze, and solve network-related security problems in computer systems. Fundamentals of number theory, authentication, and encryption technologies, as well as the practical problems that have to be solved in order to make those technologies workable in a networked environment, particularly in the wide-area Internet environment.",3,
CMSC701,Computational Genomics,"An introduction to the algorithms and heuristics used in the analysis o biological sequences. Includes an introduction to string matching and alignment algorithms, phylogenetic analysis, string reconstruction (genome assembly), and sequence pattern recognition (gene and motif finding). A particular emphasis will be placed on the design of efficient algorithms and on techniques for analyzing the time and space complexity of these algorithms. Computational concepts will be presented in the context of current biological applications. No prior knowledge of biology necessary.",3,
CMSC858F,Advanced Topics in Theory of Computing; Algorithmic Lower Bounds: Fun with Hardness Proofs,,3,
CMSC412,Operating Systems,"<b>Prerequisite:</b> Minimum grade of C- in CMSC330 and CMSC351; and 1 course with a minimum grade of C- from (CMSC414, CMSC417, CMSC420, CMSC430, CMSC433, CMSC435, ENEE440, ENEE457).
<b>Restriction:</b> Permission of CMNS-Computer Science department; or must be in one of the following programs (Computer Science (Master's); Computer Science (Doctoral)).
<b>Credit only granted for:</b> CMSC412 or ENEE447.
A hands-on introduction to operating systems, including topics in: multiprogramming, communication and synchronization, memory management, IO subsystems, and resource scheduling polices. The laboratory component consists of constructing a small kernel, including functions for device IO, multi-tasking, and memory management.",4,
CMSC106,Introduction to C Programming,"<b>Prerequisite:</b> MATH115.
<b>Restriction:</b> Must not be in Computer Science program; and must not have completed any courses from CMSC131-499 course range.
<b>Credit only granted for:</b> CMSC106 or CMSC122.
Design and analysis of programs in C. An introduction to computing using structured programming concepts. Intended for students with no or minimal programming experience.",4,
CMSC131,Object-Oriented Programming I,"<b>Corequisite:</b> MATH140.
<b>Credit only granted for:</b> CMSC131 or IMDM127.
Introduction to programming and computer science. Emphasizes understanding and implementation of applications using object-oriented techniques. Develops skills such as program design and testing as well as implementation of programs using a graphical IDE. Programming done in Java.",4,
CMSC132,Object-Oriented Programming II,"<b>Prerequisite:</b> Minimum grade of C- in CMSC131; or must have earned a score of 5 on the A Java AP exam; or must have earned a satisfactory score on the departmental placement exam. And minimum grade of C- in MATH140.
Introduction to use of computers to solve problems using software engineering principles. Design, build, test, and debug medium -size software systems and learn to use relevant tools. Use object-oriented methods to create effective and efficient problem solutions. Use and implement application programming interfaces (APIs). Programming done in Java.",4,
CMSC818E,"Advanced Topics in Computer Systems; Clouds, Consistency, & Consensus","<i>The guiding philosophy of this course is that the best way to learn about real systems is to build them. We will cover peer-to-peer systems, microservices, multi-threading, consensus, and the protocols underlying cloud services.</i>",3,
CMSC466,Introduction to Numerical Analysis I,"<b>Prerequisite:</b> 1 course with a minimum grade of C- from (MATH240, MATH341, MATH461); and 1 course with a minimum grade of C- from (MATH241, MATH340); and 1 course with a minimum grade of C- from (CMSC106, CMSC131); and minimum grade of C- in MATH410.  Also offered as: AMSC466.
<b>Credit only granted for:</b> AMSC460, CMSC460, AMSC466, or CMSC466.
Floating point computations, direct methods for linear systems, interpolation, solution of nonlinear equations.",3,
CMSC663,Advanced Scientific Computing I,"<b>Prerequisite:</b> AMSC660 or CMSC660; and (AMSC661 or CMSC661).
<b>Restriction:</b> Permission of instructor.  Cross-listed with AMSC663.
<b>Credit only granted for:</b> AMSC663 or CMSC663.
In the sequence Advanced Scientific Computing I & Advanced Scientific Computing II, (AMSC663/CMSC663 and AMSC664/CMSC664, respectively) students work on a year-long individual project to develop software for a scientific task in a high performance computing environment. Lectures will be given on available computational environments, code development, implementation of parallel algorithms.",3,
CMSC828C,Advanced Topics in Information Processing; Statistical Pattern Recognition,,3,
CMSC878,,,,
CMSC396H,Computer Science Honors Seminar,"<b>Prerequisite:</b> Must have admission into Computer Science Departmental Honors Program.
<b>Restriction:</b> Permission of CMNS-Computer Science department.
<b>Credit only granted for:</b> CMSC297 or CMSC396.
<b>Formerly:</b> CMSC297.
Overview of computer science research activities, techniques, and tools. Diverse research areas will be covered, including systems, networks, artificial intelligence, human-computer interaction, software engineering, graphics, vision, and theory.",1,
CMSC250H,Discrete Structures,"<b>Prerequisite:</b> Minimum grade of C- in CMSC131; and minimum grade of C- in MATH141.
<b>Restriction:</b> Must be in a major within the CMNS-Computer Science department; or must be in Engineering: Computer program; or must be in the Computer Science Minor program; and Permissions of CMSC - Computer Science department.
Fundamental mathematical concepts related to computer science, including finite and infinite sets, relations, functions, and propositional logic. Introduction to other techniques, modeling and solving problems in computer science. Introduction to permutations, combinations, graphs, and trees with selected applications.
<i>
<b>Prerequisite:</b> Minimum grade of C- in CMSC131; and minimum grade of C- in MATH141; and permission of CMNS-Computer Science department.</i>",4,
CMSC666,Numerical Analysis I,"<b>Prerequisite:</b> CMSC466 or AMSC466; and MATH410.
<b>Cross-listed with:</b> AMSC666.
<b>Credit only granted for:</b> AMSC666 or CMSC666.
Approximation theory, numerical solution of initial-value problems, iterative methods for linear systems, optimization.
<i>Click here for more course information.</i>",3,
CMSC818V,,,,
CMSC433,Programming Language Technologies and Paradigms,"<b>Prerequisite:</b> Minimum grade of C- in CMSC330; or must be in the (Computer Science (Doctoral), Computer Science (Master's)) program.
<b>Restriction:</b> Permission of CMNS-Computer Science department.
Programming language technologies (e.g., object-oriented programming), their implementations and use in software design and implementation.",3,
CMSC427,Computer Graphics,"<b>Prerequisite:</b> MATH240; and minimum grade of C- in CMSC420; and permission of CMNS-Computer Science department. Or must be in the (Computer Science (Doctoral), Computer Science (Master's)) program.
An introduction to 3D computer graphics, focusing on the underlying building blocks and algorithms for applications such as 3D computer games, and augmented and virtual reality (AR/VR). Covers the basics of 3D image generation and 3D modeling, with an emphasis on interactive applications. Discusses the representation of 3D geometry, 3D transformations, projections, rasterization, basics of color spaces, texturing and lighting models, as well as programming of modern Graphics Processing Units (GPUs). Includes programming projects where students build their own 3D rendering engine step-by-step.",3,
CMSC389B,Special Topics in Computer Science; A Tour of Programming Languages,<i>Prerequisites: Minimum grade of C- in CMSC250 and CMSC216.</i>,1,
CMSC499A,Independent Undergraduate Research,,1,
CMSC389J,Special Topics in Computer Science; Introduction to Reverse Engineering,"Students will be challenged to think outside the box in order to solve reversing challenges. Assignments will be challenges focused in the analysis of Linux binaries including various malware. The goal is to have students go from beginner to intermediate level reverse engineers. Students will be expected to have some assembly experience prior to the class (calling conventions, stack/heap, registers), but students will be taught x86_64 assembly as the semester progresses.",1,
CMSC389P,Special Topics in Computer Science; Mastering the PM Interview,<i>Prerequisites: Minimum grade of C- in CMSC250 and CMSC216.</i>,1,
CMSC389T,"Special Topics in Computer Science; Introduction to Git, Github and Project Management","<i>
<b>Prerequisite:</b> Minimum grade of C- in CMSC250 and CMSC216; and permission of CMNS-Computer Science department.</i>
<i>A student-led course through Student-Initiated Courses (STICs) @ UMD: http://stics.umd.edu/   Please click here for more information.</i>",1,
CMSC498W,,,,
CMSC724,Database Management Systems,"<b>Restriction:</b> Must be in one of the following programs (Computer Science (Master's); Computer Science (Doctoral)) ; or permission of instructor; or permission of CMNS-Computer Science department.
Theoretical and implementation issues in advanced database systems. Topics include distributed databases, parallel databases, database client-server architectures, multimedia access methods, advanced query optimization techniques, data semantics and models, object-oriented databases, and deductive and expert database systems.",3,
CMSC818G,Advanced Topics in Computer Systems; Information-Centric Design of Systems,,3,
CMSC798F,Master's Non-Thesis Research,,1,
CMSC452,Elementary Theory of Computation,"<b>Prerequisite:</b> Minimum grade of C- in CMSC351; and permission of CMNS-Computer Science department. Or must be in the (Computer Science (Doctoral), Computer Science (Master's)) program.
Techniques are developed to determine the difficulty of a problem relative to a model of computation. Topics include Finite Automata, P, NP, decidability, undecidability, and communication complexity.",3,
CMSC498F,Selected Topics in Computer Science; Robotics and Perception,"An introduction to the design and programming of robotics systems. The course covers topics in the area of navigation using vision and 3D depth sensors, localization and map making, basic image processing for visual navigation and recognition, and vision and depth based grasping and manipulation. Students will be developing algorithms, and learn how to use current state-of the art vision and software tools, such as OpenCV, MoveIt and the Point Cloud Library. The software components will be developed under the Robotic Operating System (ROS).",3,
CMSC828K,Advanced Topics in Information Processing; Artificial Life and Evolutionary Computation,,3,
CMSC498R,Selected Topics in Computer Science; Introduction to Cryptology,"Prerequisites:Any two 400-level MATH courses; or (CMSC351 and CMSC330); or (ENEE322 and ENEE380).  Over the past two decades, cryptography has become a highly relevant field: In addition to military and national security applications, cryptography is currently being used in critical financial, legal, and and social applications. The aim of cryptography is to construct efficient schemes that allow parties to interact to implement some functionality, even when some subset of parties are malicious and behave adversarially. In contrast to the classical approach based on heuristics and ad-hoc solutions, modern cryptography aims for specific, rigorous security guarantees based on precise mathematical definitions and provably secure protocols.",3,
CMSC722,Artificial Intelligence Planning,"<b>Prerequisite:</b> CMSC421; or students who have taken courses with comparable content may contact the department; or permission of CMNS-Computer Science department.
Automated planning of actions to accomplish some desired goals. Basic algorithms, important systems, and new directions in the field of artificial intelligence planning systems.",3,
CMSC474,Introduction to Computational Game Theory,"<b>Prerequisite:</b> Minimum grade of C- in CMSC351 and CMSC330; and permission of CMNS-Computer Science department. Or must be in the (Computer Science (Doctoral), Computer Science (Master's)) program.
<b>Credit only granted for:</b> CMSC474, ECON414, GVPT390 or GVPT399A.
Game theory deals with interactions among agents (either human or computerized) whose objectives and preferences may differ from the objectives and preferences of the other agents. It will also provide a comprehensive introduction to game theory, concentrating on its computational aspects.",3,
CMSC425,Game Programming,"<b>Prerequisite:</b> Minimum grade of C- in CMSC420.
An introduction to the principles and practice of computer game programming and design. This includes an introduction to game hardware and systems, the principles of game design, object and terrain modeling, game physics, artificial intelligence for games, networking for games, rendering and animation, and aural rendering. Course topics are reinforced through the design and implementation of a working computer game.",3,
CMSC858X,,,,
CMSC498J,,,,
CMSC726,Machine Learning,"An introduction to modern statistical data analysis using machine learning techniques. The course quickly surveys elementary statistical models (decision trees, nearest neighbors and linear regression) and moves on to more complex algorithms such as support vector machines, boosting, neural networks, structured prediction, apprenticeship learning, online learning, bandits, recommender systems and reinforcement learning. Throughout an emphasis is placed on mathematical rigor.",3,
CMSC320,Introduction to Data Science,"<b>Prerequisite:</b> Minimum grade of C- in CMSC216 and CMSC250.
<b>Restriction:</b> Permission of CMNS-Computer Science department.
<b>Credit only granted for:</b> STAT426 or CMSC320.
An introduction to the data science pipeline, i.e., the end-to-end process of going from unstructured, messy data to knowledge and actionable insights. Provides a broad overview of several topics including statistical data analysis, basic data mining and machine learning algorithms, large-scale data management, cloud computing, and information visualization.",3,
CMSC664,Advanced Scientific Computing II,"<b>Prerequisite:</b> AMSC663 or CMSC663.
<b>Restriction:</b> Permission of instructor.  Cross-listed with AMSC664.
<b>Credit only granted for:</b>  AMSC664 or CMSC664.
In the sequence Advanced Scientific Computing I & Advanced Scientific Computing II, (AMSC663/CMSC663 and AMSC664/CMSC664, respectively) students work on a year-long individual project to develop software for a scientific task in a high performance computing environment. Lectures will be given on available computational environments, code development, implementation of parallel algorithms.",3,
CMSC661,Scientific Computing II,"<b>Prerequisite:</b> Must have knowledge of C or Fortran. And CMSC466, AMSC466, AMSC460, or CMSC460; or (must have knowledge of basic numerical analysis (linear equations, nonlinear equations, integration, interpolation); and permission of instructor).  Cross-listed with AMSC66 1.
<b>Credit only granted for:</b> AMSC661 or CMSC661.
Fourier and wavelet transform methods, numerical methods for elliptic partial differential equations, numerical linear algebra for sparse matrices, Finite element methods, numerical methods for time dependent partial differential equations. Techniques for scientific computation with an introduction to the theory and software for each topic. Course is part of a two course sequence (660 and 661), but can be taken independently.",3,
CMSC838G,Advanced Topics in Programming Languages; Testing and Verification,"<i>This course will focus on establishing software correctness using advanced formal verification, random-testing, and fuzzing techniques. Knowledge of at least one functional programming language (e.g. OCaml, Haskell, or Coq) is strongly recommended.</i>",3,
CMSC818D,Advanced Topics in Computer Systems; Human Factors in Security and Privacy,,3,
CMSC289J,,,,
CMSC773,Computational Linguistics II,"<b>Prerequisite:</b> CMSC723, INST735, or LING723; or permission of instructor.  Cross-listed with LING773, INST736.  Credit only granted  for: CMSC773, LING773, or INST736.
<b>Additional information:</b> CMSC  students may only receive PhD Comp. credit for CMSC723 or CMSC823, not  both.
Natural language processing with a focus on corpus-based statistical techniques. Topics inlcude: stochastic language modeling, smoothing, noisy channel models, probabilistic grammars and parsing; lexical acquisition, similarity-based methods, word sense disambiguation, statistical methods in NLP applications; system evaluation.",3,
CMSC662,,,,
CMSC711,Computer Networks,"<b>Prerequisite:</b> CMSC412; or students who have taken courses with comparable content may contact the department.
Priciples, design, and performance evaluation of computer networks. Network architectures including the ISO model and local area networks (LANs). Communication protocols and network topology.",3,
CMSC764,Advanced Numerical Optimization,"<b>Prerequisite:</b> MATH410; or permission of instructor.  Jointly offered wit h AMSC607.
<b>Credit only granted for:</b> AMSC607 or CMSC764.
<b>Formerly:</b>   CMSC878O.
Modern numerical methods for solving unconstrained and constrained nonlinear optimization problems in finite dimensions. Design of computational algorithms and the analysis of their properties.",3,
CMSC751,Parallel Algorithms,"<b>Prerequisite:</b> CMSC451; or ENEE641; or students who have taken courses with comparable content may contact the department.  Jointly offered wit h ENEE651.
<b>Credit only granted for:</b> ENEE651, ENEE759K or CMSC751.
A presentation of the theory of parallel computers and parallel processing. Models of parallel processing and the relationships between these models. Techniques for the design and analysis of efficient parallel algorithms including parallel prefix, searching, sorting, graph problems, and algebraic problems. Theoretical limits of parallelism.",3,
CMSC828E,Advanced Topics in Information Processing; Privacy and Ethics in Data Management Systems,,1,
CMSC475,Combinatorics and Graph Theory,"<b>Prerequisite:</b> 1 course with a minimum grade of C- from (MATH240, MATH341, MATH461); and 1 course with a minimum grade of C- from (MATH241, MATH340). And permission of CMNS-Computer Science department; or permission of CMNS-Mathematics department.  Cross-listed with MATH475 .
General enumeration methods, difference equations, generating functions. Elements of graph theory, matrix representations of graphs, applications of graph theory to transport networks, matching theory and graphical algorithms.",3,
CMSC702,Computational Systems Biology,"An introduction to the fundamental concepts in the computational analysis of biological systems with applications to: functional genomics, population genetics, interaction networks, epigenetics. Computational concepts convered: network and graph algorithms, machine learning, large data/network visualization, statistical modeling and inference, probabilistic graphical models, sparse methods in data analysis, numerical optimization. No prior knowledge of biology required.",3,
CMSC798,Master's Non-Thesis Research,,1,
CMSC389N,Special Topics in Computer Science; Introduction to PHP and Javascript,"<i>
<b>Prerequisite:</b> Minimum grade of C- in CMSC250 and CMSC216; and permission of CMNS-Computer Science department.</i>",3,
CMSC858G,Advanced Topics in Theory of Computing; Quantum Error Correction and Fault-Tolerance,"<i>Cross-listed with PHYS818G. Credit only granted for CMSC858G or PHYS818G. The aim of the course is to develop the theory of how to protect quantum computers from noise through active control, measurement, and feedback of quantum systems. Topics will include quantum coding theory, stabilizer codes, continuous variable codes, fault-tolerance, resource theories, magic states, threshold theorems, topological codes, decoding algorithms, noisy quantum circuits, and related aspects of quantum many-body physics.</i>",3,
CMSC132H,Object-Oriented Programming II,"Introduction to use of computers to solve problems using software engineering principles. Design, build, test, and debug medium -size software systems and learn to use relevant tools. Use object-oriented methods to create effective and efficient problem solutions. Use and implement application programming interfaces (APIs). Programming done in Java.",4,
CMSC498Y,Selected Topics in Computer Science; Statistical Inference and Machine Learning Methods for Genomics Data,"<i>Covers statistical inference and machine learning methods for analyzing genomic data. Examples of topics covered will include maximum likelihood (including composite and pseudo-likelihood functions), expectation-maximization, clustering algorithms, hidden markov models, statistical testing, MCMC and variational inference. Our focus will be on how these techniques are utilized to solve biological problems and the practical challenges that arise when analyzing large genomic data sets.</i>",3,
CMSC737,Fundamentals of Software Testing,"Examine fundamental software testing and related program analysis techniques. In particular, the important phases of testing will be reviewed, emphasizing th significance of each phase when testing different types of software. Concepts include: test generation, oracles, prioritization and coverage, regression and mutation testing, and program analysis.",3,
CMSC828L,Advanced Topics in Information Processing; AI and Existential Threats to Civilization,,3,
CMSC754,Computational Geometry,"<b>Prerequisite:</b> CMSC451 and CMSC420; or permission of instructor.
Introduction to algorithms and data structures for computational problems in discrete geometry (for points, lines, and polygons) primarily in two and three dimensions. Topics include triangulations and planar subdivisions, geometric search and intersection, convex hulls, Voronoi diagrams, Delaunay triangulations, line arrangements, visibility, and motion planning.",3,
CMSC828Z,Advanced Topics in Information Processing; Just Machine Learning,"<i>Data-driven systems are increasingly deployed in settings that directly or indirectly people's rights, lives, and well-being. This raises urgent needs to understand how such models lead to more, or less, justice in the world. This course introduces a range of notions around justice, rights, and equity, as well as their computation implementations in machine learning systems. Students are welcome who have backgrounds in machine learning, or in ethics and justice, or both.</i>",3,
CMSC828M,Advanced Topics in Information Processing; Applied Mechanism Design for Social Good,,3,
CMSC498I,Selected Topics in Computer Science; Computer Vision - An Entrepreneurial Perspective,"Or must be in the (Computer Science (Doctoral), Computer Science (Master's)) program.""",3,
CMSC818Y,Advanced Topics in Computer Systems; Fault Tolerant Distributed Systems,,3,
CMSC828G,Advanced Topics in Information Processing,,3,
CMSC858Q,Advanced Topics in Theory of Computing,"<i>
<b>Prerequisite:</b> CMSC657, CMSC457 or equivalent; or permission of instructor. Advanced topic course on the foundation of end-to-end quantum applications with select topics from quantum algorithms, quantum machine learning, quantum programming languages, and quantum engineering.</i>",1,
CMSC858C,Advanced Topics in Theory of Computing; Randomized Algorithms,,3,
CMSC498Z,Selected Topics in Computer Science; Differentiable Programming,"<i>
<b>Prerequisite:</b> Minimum grade of C- in CMSC330 and CMSC351 This course is an introduction to differentiable Programming, a new programming paradigm in which a numerical program can be differentiated through automatic differentiation, allowing gradient-based optimization of parameters in the program. It has broad applications in Computer Graphics, Computer Vision, Deep Learning, Quantum Computing, System Control, and many more. The course assumes a good working knowledge of linear algebra and differentiation.</i>",1,
CMSC818O,Advanced Topics in Computer Systems; Computer and Network Security,,3,
CMSC828Y,Advanced Topics in Information Processing; Human-Level Artificial Intelligence,,3,
CMSC703,Network Analysis and Modeling of Biological Systems,"An introduction to  the computational network analysis and modeling of biological systems focusing on transcriptional, protein, signaling and metabolic networks (with primary emphasis on integrating the former within the latter). Computational methods studied for this type of analysis include: network and graph algorithms, network-based machine learning approaches, modeling dynamical systems, numerical optimization (linear, integer and quadratic programming) and a variety of other methods used to solve constraint based problems (primarily in the context of studying metabolic networks). These methods are complementary to those studied in CMSC701 and CMSC702.",3,
CMSC727,Neural Modeling,"<b>Prerequisite:</b> CMSC421; or students who have taken courses with comparable content may contact the department; or permission of instructor.
Fundamental methods of neural modeling. Surveys historical development and recent research results from both the computational and dynamical systems perspective. Logical neurons, perceptrons, linear adaptive networks, attractor neural networks, competitive activation methods, error back-propagation, self-organizing maps, and related topics. Applications in artificial intelligence, cognitive science, and neuroscience.",3,
CMSC634,Empirical Research Methods for Computer Science,"<b>Recommended:</b> An introductory statistics class.
<b>Restriction:</b> Must be in Computer Science (Master's) program; or must be in Computer Science (Doctoral) program; or permission of instructor.
<b>Credit only granted for:</b> CMSC838G (Fall2005) or CMSC634.
A graduate-level introductory course on empirical reseach methods for computer scientists. Experimental techniques for evaluating software systems and processes, human performance using interfaces, programming environments, and software engineering methods. Introduction to constructs and methods of measurements, qualitative and quantitative design, quasi-experimental and non-experimental design, baseline design, and statistical analysis.",3,
CMSC828F,Advanced Topics in Information Processing; Computational Psycholinguistics,"<i>Cross-listed with LING849C and NACS728W. Credit only granted for LING849C, CMSC828F, or NACS728W.</i>",3,
CMSC216H,Introduction to Computer Systems,"<b>Prerequisite:</b> Minimum grade of C- in CMSC132; and minimum grade of C- in MATH141.
<b>Restriction:</b> Must be in a major within the CMNS-Computer Science department; or must be in Engineering: Computer program; or must be in the Computer Science Minor program; and Permission of CMSC - Computer Science department.
Introduction to the interaction between user programs and the operating system/hardware. Major topics include C programming, introductory systems programming, and assembly language. Other concepts covered include UNIX, machine data representation, thread management, optimization, and virtual memory. Programming is done in the Linux Environment.",4,
CMSC389K,Special Topics in Computer Science; Full-stack Web Development with Node.js,"<i>Prerequisites: Minimum grade of C- in CMSC250 and CMSC216.</i>
<i>A student-led course through Student-Initiated Courses (STICs) @ UMD: http://stics.umd.edu/   Please click here for more information.</i>",1,
CMSC838M,Advanced Topics in Programming Languages; Model Checking,,3,
CMSC298P,Special Topics in Computer Science; Prototyping and Fabrication of Cyberphysical Systems,,2,
CMSC198R,Special Topics in Computer Science for Non-Majors; Introduction to Web Programming using HTML/JavaScript,,3,
CMSC641,Principles of Data Science,"An introduction to the data science pipeline, i.e., the end-to-end process of going from unstructured, messy data to knowledge and actionable insights. Provides a broad overview of what data science means and systems and tools commonly used for data science, and illustrates the principles of data science through several case studies.",3,
CMSC498E,Selected Topics in Computer Science; Computer Systems Security,"Theoretical and practical aspects of computer systems security. Topics covered include symmetric/asymmetric encryption, message authentication, digital signatures, access control, as well as network security, web security and cloud security. Students acquire tools necessary for designing secure computer systems and programs and for defending against malicious threats (e.g., viruses, worms, denial of service).",3,
CMSC828N,Advanced Topics in Information Processing; Database System Architecture and Implementation,,3,
CMSC498C,Selected Topics in Computer Science; Randomized Algorithms,"Or must be in the (Computer Science (Doctoral), Computer Science (Master's)) program",3,
CMSC389O,Special Topics in Computer Science; The Coding Interview,"<i>
<b>Prerequisite:</b> Minimum grade of C- in CMSC250 and CMSC216; and permission of CMNS-Computer Science department.</i>
<i>A student-led course through Student-Initiated Courses (STICs) @ UMD: http://stics.umd.edu/   Please click here for more information.</i>",1,
CMSC131A,Object-Oriented Programming I,Introduction to programming and computer science. Emphasizes understanding and implementation of applications using object-oriented techniques. Develops skills such as program design and testing as well as implementation of programs using a graphical IDE. Programming done in Java.,4,
CMSC828R,Advanced Topics in Information Processing; Deep Learning for Audio-to-Audio Processing,"<i>Seminar course reviewing current literature and opportunities in enhancing audio-to-audio and photo-to-photo transformations using deep learning architectures, with the goal of making the output perceptually pleasing for consumption by humans. Student must participate in all classes and lead the discussion in one class. Those taking for 3 credits must fulfill these requirements plus a project lasting at least half the semester, where a suitable algorithm is evaluated and written up in the form of a paper.</i>",1,
CMSC828O,Advanced Topics in Information Processing; Computational and Mathematical Analysis for Networks Across Scales,,3,
CMSC643,Machine Learning and Data Mining,"Provides a broad overview of key machine learning and data mining algorithms, and how to apply those to very large datasets. Topics covered include decision trees, linear models for classification and regression, support vector machines, neural networks and deep learning, online learning, recommendation systems, clustering and dimensionality reduction, and systems for large-scale machine learning.",3,
CMSC763,Advanced Linear Numerical Analysis,"<b>Prerequisite:</b> AMSC666 or CMSC666; or permission of instructor.  Also offered as: AMSC763.
<b>Credit only granted for:</b> AMSC600, AMSC763, CMSC760, or CMSC763.
<b>Formerly:</b> AMSC600 and CMSC760.
Advanced topics in numerical linear algebra, such as dense eigenvalue problems, sparse elimination, iterative methods, and other topics.",3,
CMSC828T,Advanced Topics in Information Processing; Sorting in Space and Words and Foundations of Multidimensional and Metric Data Structures,,1,
CMSC740,Advanced Computer Graphics,"<b>Prerequisite:</b> MATH240 and CMSC420; or permission of instructor.
An introduction to the principles of computer graphics. Includes an introduction to graphics displays and systems, introduction to the mathematics of affine and projective transformations, perspective, curve and surface modeling, algorithms for hidden-surface removal, color models, methods for modeling illumination, shading, and reflection.",3,
CMSC828P,Advanced Topics in Information Processing; Algorithms and Machine Learning for Analyzing Mutations in Cancer,,3,
CMSC389L,Special Topics in Computer Science; Practical Cloud Computing with AWS,"Students are provided with a practical and project- oriented introduction to cloud computing with Amazon Web Services (AWS). They will learn how to build applications using a variety of AWS services, including S3, EC2, Lambda, and Beanstalk. Culminating with a final resume-worthy project that will be built, deployed, and demoed to the class.",1,
CMSC498V,Selected Topics in Computer Science; Advanced Topics in Machine Learning,Prerequisites: Minimum grade of C- in CMSC422 or CMSC498M; permission of CMNS-Computer Science department and instructor.,3,
CMSC818K,Advanced Topics in Computer Systems; Coding Theory and Applications,"<i>Cross-listed with ENEE729A. Credit only granted for CMSC818K or ENEE729A. Restricted MS/PhD students in CMSC, AMSC, or ENEE. Introduction to Coding Theory with an emphasis on essential constructions and algorithms.</i>",3,
CMSC652,Complexity Theory,"Prerequisite: CMSC451 or CMSC452; or permission of instructor.  Credit only granted for: CMSC652 or CMSC858G.  Formerly: CMSC858G.This course will define what it means for a problem to be hard (or easy in a variety of ways. The emphasis will be on natural problems. Topics may include NP-completeness, Sparse Sets, Graph Isomoprhism (why it is thought to not be NP-complete), Counting problems, and approximation problems.",3,
CMSC712,Distributed Algorithms and Verification,"Study of algorithms from the distributed and concurrent systems literature. Formal approach to specifying, verifying, and deriving such algorithms. Areas selected from mutual exclusion, resource allocation, quiescence detection, election, Byzantine agreements, routing, network protocols, and fault-tolerence. Formal approaches will handle system specification and verification of safety, liveness, and real-time properties.",3,
CMSC651,Analysis of Algorithms,"Efficiency of algorithms, orders of magnitude, recurrence relations, lower-bound techniques, time and space resources, NP-complete problems, polynomial hierarchies, and approximation algorithms. Sorting, searching, set manipulation, graph theory, matrix multiplication, fast Fourier transform, pattern matching, and integer and polynomial arithmetic.",3,
CMSC132A,Object-Oriented Programming II,"Introduction to use of computers to solve problems using software engineering principles. Design, build, test, and debug medium -size software systems and learn to use relevant tools. Use object-oriented methods to create effective and efficient problem solutions. Use and implement application programming interfaces (APIs). Programming done in Java.",4,
CMSC828J,Advanced Topics in Information Processing; Common-sense Reasoning and Natural Language Understanding,,3,
CMSC630,Foundations of Software Verification,"Topics in program verification. Operational semantics of programs. Preconditions and postconditions. Axiomatic proof systems and predicate transformers. Temporal logic and model checking. Process algebra, semantic equivalences and algebraic reasoning.",3,
CMSC858R,Advanced Topics in Theory of Computing; Ramsey Theory and its Applications,,3,
CMSC457,Introduction to Quantum Computing,"<b>Prerequisite:</b> 1 course with a minimum grade of C- from (MATH240, PHYS274); and 1 course with a minimum grade of C- from (CMSC351, PHYS373).
<b>Restriction:</b> Permission of CMNS-Computer Science department.
<b>Additional information:</b> No previous background in quantum mechanics is required.
An introduction to the concept of a quantum computer, including algorithms that outperform classical computation and methods for performing quantum computation reliably in the presence of noise. As this is a multidisciplinary subject, the course will cover basic concepts in theoretical computer science and physics in addition to introducing core quantum computing topics.
<i>Cross-listed with PHYS457. Credit only granted for CMSC457 or PHYS457.</i>",3,
CMSC498A,Selected Topics in Computer Science,,1,
CMSC828A,Advanced Topics in Information Processing,,1,
CMSC858A,Advanced Topics in Theory of Computing,,1,
CMSC898,Pre-Candidacy Research,,1,
CMSC899,Doctoral Dissertation Research,,6,
CMSC642,Big Data Systems,"An overview of data management systems for performing data science on large volumes of data, including relational databases, and NoSQL systems. The topics covered include: different types of data management systems, their pros and cons, how and when to use those systems, and best practices for data modeling.",3,
CMSC818C,Advanced Topics in Computer Systems; Blockchain and Cryptocurrency Technologies,"Decentralized cryptocurrencies and blockchain applications such as Bitcoin and Ethereum have emerged as a highly disruptive technology that enable, for example, monetary transactions and the execution of smart contracts without the control of a central authority. They have sparked the interest of computer scientists, economists and policymakers and promise to revolutionize the way we think about our financial infrastructure. This graduate class will cover the technical background behind decentralized cryptocurrencies protocols and will introduce students to research on the security and privacy of blockchain technologies.",3,
CMSC389R,Special Topics in Computer Science; Introduction to Ethical Hacking,"An introduction to ethical hacking geared towards entering the competitive world of cybersecurity Capture the Flag (CTF) competitions. Applications to a career in digital forensics, penetration testing, cryptology, and secure software development.",1,
CMSC828W,Advanced Topics in Information Processing; Foundations of Deep Learning,"<i>Restricted to Computer Science (Master's/Doctoral) students; or permission of instructor. In this course, we are going to explore empirically-relevant theoretical foundations of deep learning (DL). We will cover topics including DL optimization, DL generaliation, Neural Tangent Kernels, Deep Generative Models, DL Robustness, DL Interpretability, Domain Adaptation and Generalization, Self-Supervised Learning and Deep Reinforcement Learning.</i>",3,
CMSC389F,Special Topics in Computer Science; Reinforcement Learning,"Prerequisites: CMSC216 and CMSC250 with a grade of C- or better. Provides a theory-centric introduction to Reinforcement Learning. Students will learn the key concepts and algorithms driving Reinforcement Learning, including Markov Decision Processes, Monte Carlo Learning, and Policy Gradient methods.",1,
CMSC389E,Special Topics in Computer Science; Digital Logic Design through Minecraft,"<i>
<b>Prerequisite:</b> Minimum grade of C- in CMSC250 and CMSC216; and permission of CMNS-Computer Science department.</i>
<i>A student-led course through Student-Initiated Courses (STICs) @ UMD: http://stics.umd.edu/   Please click here for more information.</i>",1,
CMSC389C,Special Topics in Computer Science; Bitcoin and Other Cryptocurrencies,"This course provides a comprehensive, practical introduction to the the technology behind cryptocurrency and the economy surrounding it. This course will have a heavy emphasis on Bitcoin, but will touch on other types of cryptocurrency as well. This course is primarily intended to focus on the technological aspect of cryptocurrency, but we will also spend time discussing the economics of cryptocurrency.",1,
CMSC389A,Special Topics in Computer Science; Law and Computer Science,"<i>Prerequisites: Minimum grade of C- in CMSC250 and CMSC216.</i>
<i>A student-led course through Student-Initiated Courses (STICs) @ UMD: http://stics.umd.edu/   Please click here for more information.</i>",1,
CMSC389M,Special Topics in Computer Science; SLAM: Why Robots Don't Crash,Students will be provided with a practical and lightly theoretical understanding of the most popular algorithms that solve the Simultaneous Localization and Mapping (SLAM) problem to enable self driving car technology. An emphasis will be placed on the probabilistic methods that underpin the SLAM problem.,1,
CMSC644,Algorithms for Data Science,"Provides an in-depth understanding of some of the key data structures and algorithms essential for advanced data science. Topics include random sampling, graph algorithms, network science, data streams, and optimization.",3,
CMSC498G,Selected Topics in Computer Science; Principles of Software Verification,"Or must be in the (Computer Science (Doctoral), Computer Science (Master's)) program. Introduces techniques for rigorously establishing that software behaves correctly. Topics to be covered include: preconditions and postconditions; loop invariants; contract-based specifications; techniques for proving programs correct; state-machine based system design; temporal logic; and model checking.",3,
CMSC498B,Selected Topics in Computer Science; Algorithmic and Mathematical Foundations of Data Science,,3,
CMSC498D,Selected Topics in Computer Science; Security Engineering,,3,
CMSC657,Introduction to Quantum Information Processing,"<b>Prerequisite:</b> Familiarity with complex numbers and basic concepts in linear algebra (e.g., eigenvalues, eigenvectors, Hermitian and unitary matrices) is required.
<b>Credit only granted for:</b> CMSC657 or CMSC858K.
<b>Formerly:</b> CMSC858K.
<b>Additional information:</b> Previous background in quantum mechanics or theory of computation is not required.
An introduction to the field of quantum information processing. Students will be prepared to pursue further study in quantum computing, quantum information theory, and related areas.",3,
CMSC828D,Advanced Topics in Information Processing; Introduction to Data Visualization,,3,
CMSC858B,"Advanced Topics in Theory of Computing; Blockchains, Cryptocurrencies, and Smart Contracts",,3,
CMSC858E,Advanced Topics in Theory of Computing; Approximation Algorithms,,3,
CMSC498K,Selected Topics in Computer Science; Big Data Systems,"An overview of data management systems for performing data science on large volumes of data, including relational databases, and NoSQL systems. The topics covered include: different types of data management systems, their pros and cons, how and when to use those systems, and  best practices for data modeling.",3,
CMSC828I,Advanced Topics in Information Processing; Multilingual Natural Language Processing,,3,
CMSC470,Introduction to Natural Language Processing,"<b>Prerequisite:</b> Minimum grade of C- in CMSC320, CMSC330, and CMSC351; and 1 course with a minimum grade of C- from (MATH240, MATH461).
<b>Restriction:</b> Permission of CMNS-Computer Science department.
Introduction to fundamental techniques for automatically processing and generating natural language with computers. Machine learning techniques, models, and algorithms that enable computers to deal with the ambiguity and implicit structure of natural language. Application of these techniques in a series of assignments designed to address a core application such as question answering or machine translation.",3,
CMSC498X,Selected Topics in Computer Science; Introduction to Parallel Computing,"<i>
<b>Prerequisite:</b> Minimum grade of C- in CMSC330 and CMSC351; or permission of instructor. Introduction to parallel computing for computer science majors. Topics include programming for shared memory and distributed memory parallel architectures, and fundamental issues in design, development and analysis of parallel programs.</i>",3,
CMSC102,,,,
CMSC198I,,,,
CMSC818B,Advanced Topics in Computer Systems; Decision-Making for Robotics,"<i>Restricted to Computer Science students (CMSC) or permissin of instructor. Motion planning focuses on the problem of how to go from point A to point B. In this course, we will examine higher-level algorithms that make decisions as to what points A and B should be depending on the task at hand. Topics that will be covered include (but are not limited to): Markov Decision Processes; Partially Observable Markov Decision Processes; Monte-Carlo Tree Search; Deep reinforcement learning; Graph Neural Networks; Multi-Robot Task Assignment; Vehicle Routing Problems; Information-Theoretic Path Planning (mutual information, entropy, submodularity).</i>",3,
CMSC828B,Advanced Topics in Information Processing; Neural Machine Translation,,3,
CMSC828U,Advanced Topics in Information Processing; Algorithms in Machine Learning: Guarantees and Analyses,,3,
CMSC828V,Advanced Topics in Information Processing; Numerical Methods for Data Science and Machine Learning,,3,
CMSC838B,Advanced Topics in Programming Languages; Differentiable Programming,"<i>
<b>Prerequisite:</b> Minimum grade of C- in CMSC330 and CMSC351 This course is an introduction to differentiable Programming, a new programming paradigm in which a numerical program can be differentiated through automatic differentiation, allowing gradient-based optimization of parameters in the program. It has broad applications in Computer Graphics, Computer Vision, Deep Learning, Quantum Computing, System Control, and many more. The course assumes a good working knowledge of linear algebra and differentiation.</i>",1,
CMSC858T,Advanced Topics in Theory of Computing; Introduction to Secure Distributed Computation,"<i>This course is an introduction to secure distributed computation (broadly construed), primarily intended for graduate students interested in research in this or related areas. Topics will include secure computation, oblivious RAM, differential privacy, SNARKs, and consensus/blockchain protocols. The course will emphasize definitions, foundations, and formal proofs of security, though no prior background in cryptography will be assumed.</i>",3,
CMSC131H,,,,
CMSC297,,,,
CMSC498L,Selected Topics in Computer Science; Introduction to Deep Learning,"<i>
<b>Prerequisite:</b> Minimum grade of C- in CMSC330 and CMSC351; and 1 course with a minimum grade of C- from (MATH240, MATH461); and permission of CMNS-Computer Science department. Or must be in (Computer Science (Doctoral), ComputerScience (Master's) program.</i>",3,
CMSC734,Information  Visualization,"<b>Prerequisite:</b> CMSC434; or students who have taken courses with comparable content may contact the department; or permission of instructor.
Information visualization defined in relation to graphics, scientific visualization, databases, data mining, and human-computer interaction. Visualizations for dimensional, temporal, hierarchical and network data. Examines design alternatives, algorithms and data structures, coordinated views, and human factors evaluations of efficacy.",3,
CMSC818J,,,,
CMSC828X,"Advanced Topics in Information Processing; Physically-based modeling, Simulation and Animation",,3,
CMSC838F,,,,
CMSC498N,"Selected Topics in Computer Science; Digital Media, Performance and Interactivity","<i>Shared with ARTT489M 0101
<b>Prerequisite:</b> Minimum grade of C- in CMSC330 and CMSC351; permission of the instructor Studio-based course focusing on the theory, practice and creation of physically interactive immersive media experiences. Course explores the integration of technology and artistic performance, including methods and processes for computationally engaged audio/visual performances that enable artists to interact with responsive elements of the environment through smart textiles, visual body-tracking and gestural sensors, audio sampling and analysis, and other interactive modalities that drive media architectures for performance venues such visual projection mapping, mechatronic devices, and algorithmic music.</i>",3,
CMSC818F,Advanced Topics in Computer Systems; Cryptography and Hostile Governments,"<i>The course is a seminar structured around a course project and student led paper presentations on student selected topics including private information retrieval, blind signatures, cryptocurrency/blockchains, zero-knowledge proofs and zkSNARKs, mixnets, and multi-party computation. This course is intended for computer science graduate students and advanced undergraduates with an interest in the area. Undergrads should have taken a previous security or cryptography class.</i>",3,
CMSC818P,,,,
CMSC878B,,,,
CMSC760,,,,
CMSC858Z,,,,
CMSC287,,,,
CMSC818L,,,,
CMSC858D,"Advanced Topics in Theory of Computing; Algorithms, Data Structures and Inference for High-throughput Genomics","<i>
<b>Restriction:</b> Must be a graduate student in CMSC or BISI program.</i>",3,
CMSC498O,Selected Topics in Computer Science; Introduction to Data Visualization,"<i>
<b>Prerequisite:</b> Minimum gra de of C- in CMSC330 and CMSC351; and permission of CMNS-Computer Science department. Or must be in Computer Science (Doctoral), Computer Scienc e (Master's) program.</i>",3,
CMSC828Q,Advanced Topics in Information Processing; Nature-Inspired Computing,,1,
CMSC498T,Selected Topics in Computer Science; Applied Mechanism Design for Social Good,"<i>
<b>Prerequisite:</b> CMSC351.
<b>Recommended:</b> MATH240, CMSC320, or CMSC422. How do we allocate food to food banks, children to schools, organs to patients, residents to hospitals, security forces to patrol routes, and credit to multiple authors of an open source project-all in the face of competing incentives affecting selfish participants? Can we design mechanisms for these problems that perform well in practice, are computationally tractable, and whose workings and results are understandable by humans? To answer these questions, we devise models and solutions at the intersection of artificial intelligence, economics, and theoretical computer science.</i>",3,
CMSC818I,,,,
CMSC878O,,,,
CMSC838X,Advanced Topics in Programming Languages; Personal Health Informatics & Visualization,<i>Jointly offered with INST682. Credit only granted for INST682 or CMSC838 X.</i>,3,
CMSC389Y,Special Topics in Computer Science; Practical Methods For Self Driving Cars,,1,
CMSC389U,Special Topics in Computer Science; Introduction to Developing AR Applications with Hololens,"An introduction to developing Augmented Reality applications for devices like the Microsoft Hololens using the Microsoft Mixed Reality Toolkit and the Unity 3D engine. Topics will include AR design thinking, the Unity scripting API, deploying applications to Hololens, and the technology behind AR devices. Students will explore the capabilities of AR devices through bi-weekly projects designed to give them usable, valuable skills as quickly as possible. Basic programming and Unity experience are strongly recommended.",1,
CMSC389I,Special Topics in Computer Science; Disrupting Healthcare with AI,"Prerequisites: CMSC216 and CMSC250 with a grade of C- or better; and permission of the Computer Science department. This course provides a comprehensive, practical introduction to the intersection of machine learning and different challenges in healthcare. Students will apply basic predictive modeling techniques to fields such as early detection of disease, telemedicine, and mental health. Prior knowledge of biology is not required but a basic understanding of Python and/or machine learning techniques is recommended.",1,
CMSC389Q,Special Topics in Computer Science; iOS App Development,"Prerequisites: CMSC216 and CMSC250 with a grade of C- or better; and permission of the Computer Science department. This course explores mobile development on the iOS platform. Topics covered include using Xcode, Swift 4, developing modern user interfaces, networking, and popular libraries such as ARKit and CoreML. Access to a computer running the latest Mac OS X software is not required but is recommended.",1,
CMSC389W,Special Topics in Computer Science; Visualization through Mathematica,"<i>Jointly offered with MATH299M. Credit only granted for CMSC389W or MATH299M. Prerequisites: CMSC216 and CMSC250 with a grade of C- or better; and permission of the Computer Science department.</i>
<i>A student-led course through Student-Initiated Courses (STICs) @ UMD: http://stics.umd.edu/   Please click here for more information.</i>",1,
CMSC818N,Advanced Topics in Computer Systems; Robotics,,3,
CMSC858M,Advanced Topics in Theory of Computing; Algorithmic Lower Bounds: Fun with Hardness Proofs,,3,
